{"cameraMode":{"drawMode":0,"name":"Shaded","section":"Shading Mode"},"sceneLighting":true,"audioPlay":false,"sceneViewState":{"m_AlwaysRefresh":false,"showFog":true,"showSkybox":true,"showFlares":true,"showImageEffects":true,"showParticleSystems":true,"showVisualEffectGraphs":true,"m_FxEnabled":true},"in2DMode":false,"pivot":{"x":-0.0874711275100708,"y":1.453120231628418,"z":-0.30489158630371096},"rotation":{"x":-0.02186756208539009,"y":0.9735878109931946,"z":-0.1058630645275116,"w":-0.20110741257667542},"size":10.037581443786621,"orthographic":false}